Najpopularniejsze strony,Kliknięcia,Wyświetlenia,CTR,Pozycja
https://oatllo.com/course/php/function/php-function-arguments-guide,23,17731,0.13%,10.1
https://oatllo.com/course/php/objective-programming/php-properties-methods-guide,18,9736,0.18%,14.97
https://oatllo.com/course/php/objective-programming/php-getter-setter-guide,9,5278,0.17%,12.28
https://oatllo.com/master-php-enums-use-cases-tips,7,2086,0.34%,21.82
https://oatllo.com/course/php/objective-programming/php-constructor-destructor-guide,6,12563,0.05%,12.78
https://oatllo.com/course/php/loop/php-for-loop-guide,4,4298,0.09%,13.42
https://oatllo.com/course/php,4,285,1.4%,22.15
https://oatllo.com/course/php/php-basics/difference-single-double-quotes-php,3,6393,0.05%,11.9
https://oatllo.com/course/php/conditional-instructions/php-match-expression-guide,3,5313,0.06%,9.61
https://oatllo.com/course/php/before-programming-in-php/php-installation-first-steps,3,2067,0.15%,17.71
https://oatllo.com/course/php/array/fast-array-operations-php-array-map-filter-walk,2,3478,0.06%,14.96
http://www.oatllo.com/course/php/conditional-instructions/php-exit-die-guide,2,1540,0.13%,14.35
https://oatllo.com/letter-i-in-solid-explanation-examples,2,377,0.53%,7.78
https://oatllo.com/course/php/function/php-variable-scope-guide,1,7164,0.01%,11.53
https://oatllo.com/course/php/objective-programming/php-encapsulation-guide,1,2886,0.03%,13.89
https://oatllo.com/course/php/loop/php-while-loop-guide,1,1827,0.05%,21.7
http://www.oatllo.com/course/php/php-basics/variables-and-data-types-in-php,1,1751,0.06%,23.7
https://oatllo.com/course/php/php-basics/constants-in-php,1,1188,0.08%,9.16
https://oatllo.com/course/php/conditional-instructions/php-exit-die-guide,1,465,0.22%,9.16
https://oatllo.com/blog/tag/constructor-injection,1,369,0.27%,19.88
https://oatllo.com/blog/tag/clean-architecture-php,1,139,0.72%,12.23
https://oatllo.com/course/php/php-basics/concatenation-interpolation-string-manipulation-php,0,3938,0%,16.38
https://oatllo.com/course/php/array/array-indexed-associative-multidimensional-php,0,2695,0%,19.74
https://oatllo.com/course/php/loop/php-do-while-loop-guide,0,1309,0%,26.99
https://oatllo.com/course/php/php-basics/math-functions-round-ceil-floor-rand,0,1248,0%,8.73
https://oatllo.com/course/php/objective-programming/php-inheritance-guide,0,964,0%,11.6
http://www.oatllo.com/course/php/array/iterating-arrays-php-foreach-array-walk-array-chunk,0,949,0%,22.29
https://oatllo.com/course/php/array,0,662,0%,27.68
https://oatllo.com/course/php/loop/php-foreach-loop-guide,0,653,0%,13.75
https://oatllo.com/course/php/loop/php-break-continue-guide,0,643,0%,11.84
https://oatllo.com/freelance-programming-rates,0,570,0%,12.75
https://oatllo.com/avoiding-pitfalls-php-speeding-up-code,0,563,0%,26.5
https://oatllo.com/course/php/function/php-function-typing-guide,0,548,0%,12.17
https://oatllo.com/blog/tag/csrf-tokens,0,514,0%,49.53
https://oatllo.com/blog/tag/laravel-dependency-injection,0,417,0%,23.02
https://oatllo.com/disaster-recovery-database-systems,0,367,0%,56.41
https://oatllo.com/course/php/php-basics/variables-and-data-types-in-php,0,327,0%,11.12
https://www.oatllo.com/letter-s-in-solid-examples,0,276,0%,11.17
https://oatllo.com/enums-php-guide,0,271,0%,16.08
https://oatllo.com/programming-motivation-tips,0,255,0%,14.85
https://oatllo.com/course/php/array/iterating-arrays-php-foreach-array-walk-array-chunk,0,252,0%,9.76
https://oatllo.com/blog/tag/php-legacy-code,0,215,0%,23.95
https://oatllo.com/blog/tag/symfony-service-container,0,182,0%,21.03
https://oatllo.com/course/php/function,0,147,0%,34.88
https://oatllo.com/blog/tag/refactoring-tools-php,0,138,0%,26.75
https://oatllo.com/course/php/objective-programming/php-polymorphism-guide,0,130,0%,11.26
https://oatllo.com/programming-career-development-expert-advice,0,115,0%,29.93
https://oatllo.com/php-code-refactoring-tools-patterns-best-practices,0,109,0%,10.38
https://oatllo.com/advanced-php-dependency-injection-techniques,0,108,0%,19.17
https://oatllo.com/course/php/array/php-array-functions-map-filter-reduce-merge,0,104,0%,12.02
https://oatllo.com/course/php/php-basics,0,95,0%,25.93
https://oatllo.com/course/php/loop,0,92,0%,14.77
https://oatllo.com/php-performance-optimization-techniques,0,88,0%,26.26
https://oatllo.com/blog/tag/profiling-tools,0,67,0%,38.64
https://oatllo.com/blog/tag/php-code-maintenance,0,64,0%,21.28
https://oatllo.com/course/php/objective-programming,0,62,0%,32.81
https://oatllo.com/blog/tag/php-di-containers,0,56,0%,16.27
https://oatllo.com/blog/tag/php-code-quality,0,45,0%,20.07
https://oatllo.com/blog/tag/php-development-tools,0,36,0%,45.47
http://www.oatllo.com/course/php/before-programming-in-php,0,33,0%,29.88
https://oatllo.com/course/php/conditional-instructions/php-switch-statement-guide,0,29,0%,15.34
https://oatllo.com/career-growth-programming-success,0,27,0%,14.93
https://oatllo.com/blog/tag/php-code-maintainability,0,25,0%,16.48
https://oatllo.com/blog/tag/micro-goals,0,20,0%,31.35
https://oatllo.com/blog/tag/php-security,0,20,0%,48.35
https://oatllo.com/blog/tag/php-enums-pitfalls,0,18,0%,27.5
https://oatllo.com/course/php/before-programming-in-php,0,15,0%,19
https://oatllo.com/blog/tag/php-enums,0,15,0%,31.27
https://oatllo.com/courses,0,8,0%,3
https://www.oatllo.com/blog,0,8,0%,6.12
https://oatllo.com/blog/tag/online-coding-resources,0,8,0%,19.38
https://oatllo.com/course/php/objective-programming/php-oop-basics-guide,0,7,0%,7.57
https://oatllo.com/,0,7,0%,7.71
http://www.oatllo.com/,0,6,0%,1
https://oatllo.com/blog/tag/php-api-development,0,5,0%,24.2
https://oatllo.com/programming-beginners-first-step,0,4,0%,32.75
https://oatllo.com/php-performance-optimization-strategies,0,3,0%,24.33
https://oatllo.com/blog/tag/xss-protection,0,2,0%,40.5
https://oatllo.com/blog/tag/debugging-for-beginners,0,1,0%,2
https://oatllo.com/blog/tag/php-tools,0,1,0%,5
https://oatllo.com/blog/tag/php-testing-guide,0,1,0%,8
http://www.oatllo.com/blog/tag/software-development-trends,0,1,0%,31